,am,mpg.n,mpg.mean,mpg.stdev,mpg.skew,mpg.kurtosis,hp.n,hp.mean,hp.stdev,hp.skew,hp.kurtosis,wt.n,wt.mean,wt.stdev,wt.skew,wt.kurtosis
1,0,19,17.14736842,3.833966386,0.015128907,2.447693362,19,160.2631579,53.90819573,-0.01542694,1.994750813,19,3.768894737,0.777400147,1.058376125,3.500326828
2,1,13,24.39230769,6.166503809,0.059266359,1.81281605,13,126.8461538,84.06232425,1.533365248,4.182120321,13,2.411,0.616981631,0.237142242,2.143323916
